{
  "free_stream": {
    "rat_spec_heats": 1.4,
    "mach_no": 10,
    "dynam_press": 50000.0,
    "press": 714.2857142857143,
    "temp": 232.52710233029381
  },
  "forebody": {
    "cone_angle": 0.10471975511965977,
    "length": 15.0
  },
  "inlet": {
    "exit_press": 50000.0,
    "trunc_angle": 0.13962634015954636,
    "smile_angle": 3.141592653589793,
    "no_modules": 4,
    "blend_factor": 2.5
  }
}